name,s1_lines,s1_words,s1_eps,s2_lines,s2_words,s2_eps,s3_lines,s3_words,s3_eps,all_lines,all_words,all_eps,1_Anatomy_Park_lines,1_Anatomy_Park_words,1_Close_Rick-Counters_of_the_Rick_Kind_lines,1_Close_Rick-Counters_of_the_Rick_Kind_words,1_Lawnmower_Dog_lines,1_Lawnmower_Dog_words,1_M._Night_Shaym-Aliens!_lines,1_M._Night_Shaym-Aliens!_words,1_Meeseeks_and_Destroy_lines,1_Meeseeks_and_Destroy_words,1_Pilot_lines,1_Pilot_words,1_Raising_Gazorpazorp_lines,1_Raising_Gazorpazorp_words,1_Rick_Potion_No._9_lines,1_Rick_Potion_No._9_words,1_Ricksy_Business_lines,1_Ricksy_Business_words,1_Rixty_Minutes_lines,1_Rixty_Minutes_words,1_Something_Ricked_This_Way_Comes_lines,1_Something_Ricked_This_Way_Comes_words,2_A_Rickle_in_Time_lines,2_A_Rickle_in_Time_words,2_Auto_Erotic_Assimilation_lines,2_Auto_Erotic_Assimilation_words,2_Big_Trouble_in_Little_Sanchez_lines,2_Big_Trouble_in_Little_Sanchez_words,2_Get_Schwifty_lines,2_Get_Schwifty_words,2_Interdimensional_Cable_2_Tempting_Fate_lines,2_Interdimensional_Cable_2_Tempting_Fate_words,2_Look_Who's_Purging_Now_lines,2_Look_Who's_Purging_Now_words,2_Mortynight_Run_lines,2_Mortynight_Run_words,2_The_Ricks_Must_Be_Crazy_lines,2_The_Ricks_Must_Be_Crazy_words,2_The_Wedding_Squanchers_lines,2_The_Wedding_Squanchers_words,2_Total_Rickall_lines,2_Total_Rickall_words,3_Morty's_Mind_Blowers_lines,3_Morty's_Mind_Blowers_words,3_Pickle_Rick_lines,3_Pickle_Rick_words,3_Rest_and_Ricklaxation_lines,3_Rest_and_Ricklaxation_words,3_Rickmancing_the_Stone_lines,3_Rickmancing_the_Stone_words,3_The_ABC's_of_Beth_lines,3_The_ABC's_of_Beth_words,3_The_Rickchurian_Mortydate_lines,3_The_Rickchurian_Mortydate_words,3_The_Ricklantis_Mixup_lines,3_The_Ricklantis_Mixup_words,3_The_Rickshank_Rickdemption_lines,3_The_Rickshank_Rickdemption_words,3_The_Whirly_Dirly_Conspiracy_lines,3_The_Whirly_Dirly_Conspiracy_words,3_Vindicators_3_The_Return_of_Worldender_lines,3_Vindicators_3_The_Return_of_Worldender_words
abradolph lincoler,16,140,1,0,0,0,0,0,0,16,140,1,0,0,0,0,0,0,0,0,0,0,0,0,0,0,0,0,16,140,0,0,0,0,0,0,0,0,0,0,0,0,0,0,0,0,0,0,0,0,0,0,0,0,0,0,0,0,0,0,0,0,0,0,0,0,0,0,0,0,0,0,0,0
agency director,0,0,0,0,0,0,20,175,1,20,175,1,0,0,0,0,0,0,0,0,0,0,0,0,0,0,0,0,0,0,0,0,0,0,0,0,0,0,0,0,0,0,0,0,0,0,0,0,0,0,0,0,0,0,0,0,20,175,0,0,0,0,0,0,0,0,0,0,0,0,0,0,0,0
agent #1,0,0,0,0,0,0,6,49,1,6,49,1,0,0,0,0,0,0,0,0,0,0,0,0,0,0,0,0,0,0,0,0,0,0,0,0,0,0,0,0,0,0,0,0,0,0,0,0,0,0,0,0,0,0,0,0,6,49,0,0,0,0,0,0,0,0,0,0,0,0,0,0,0,0
agent #2,0,0,0,0,0,0,7,42,1,7,42,1,0,0,0,0,0,0,0,0,0,0,0,0,0,0,0,0,0,0,0,0,0,0,0,0,0,0,0,0,0,0,0,0,0,0,0,0,0,0,0,0,0,0,0,0,7,42,0,0,0,0,0,0,0,0,0,0,0,0,0,0,0,0
alan,0,0,0,0,0,0,19,168,1,19,168,1,0,0,0,0,0,0,0,0,0,0,0,0,0,0,0,0,0,0,0,0,0,0,0,0,0,0,0,0,0,0,0,0,0,0,0,0,0,0,0,0,0,0,0,0,0,0,0,0,0,0,0,0,0,0,0,0,0,0,0,0,19,168
alien,6,69,2,1,25,1,5,50,1,12,144,4,0,0,0,0,0,0,0,0,0,0,3,44,3,25,0,0,0,0,0,0,0,0,0,0,0,0,0,0,0,0,0,0,0,0,1,25,0,0,0,0,0,0,0,0,0,0,5,50,0,0,0,0,0,0,0,0,0,0,0,0,0,0
alien doctor,0,0,0,15,281,1,0,0,0,15,281,1,0,0,0,0,0,0,0,0,0,0,0,0,0,0,0,0,0,0,0,0,0,0,0,0,0,0,0,0,0,0,15,281,0,0,0,0,0,0,0,0,0,0,0,0,0,0,0,0,0,0,0,0,0,0,0,0,0,0,0,0,0,0
all,5,20,3,15,66,5,1,38,1,21,124,9,1,6,0,0,0,0,3,10,0,0,0,0,1,4,0,0,0,0,0,0,0,0,0,0,2,9,1,0,5,28,1,8,0,0,0,0,0,0,0,0,6,21,0,0,0,0,0,0,0,0,0,0,0,0,0,0,0,0,1,38,0,0
all mortys,2,2,1,12,126,1,0,0,0,14,128,2,0,0,2,2,0,0,0,0,0,0,0,0,0,0,0,0,0,0,0,0,0,0,12,126,0,0,0,0,0,0,0,0,0,0,0,0,0,0,0,0,0,0,0,0,0,0,0,0,0,0,0,0,0,0,0,0,0,0,0,0,0,0
all ricks,3,7,1,26,670,1,0,0,0,29,677,2,0,0,3,7,0,0,0,0,0,0,0,0,0,0,0,0,0,0,0,0,0,0,26,670,0,0,0,0,0,0,0,0,0,0,0,0,0,0,0,0,0,0,0,0,0,0,0,0,0,0,0,0,0,0,0,0,0,0,0,0,0,0
all summers,0,0,0,10,52,1,0,0,0,10,52,1,0,0,0,0,0,0,0,0,0,0,0,0,0,0,0,0,0,0,0,0,0,0,10,52,0,0,0,0,0,0,0,0,0,0,0,0,0,0,0,0,0,0,0,0,0,0,0,0,0,0,0,0,0,0,0,0,0,0,0,0,0,0
annie,23,135,1,0,0,0,0,0,0,23,135,1,23,135,0,0,0,0,0,0,0,0,0,0,0,0,0,0,0,0,0,0,0,0,0,0,0,0,0,0,0,0,0,0,0,0,0,0,0,0,0,0,0,0,0,0,0,0,0,0,0,0,0,0,0,0,0,0,0,0,0,0,0,0
announcer,13,435,2,11,199,3,1,27,1,25,661,6,0,0,0,0,0,0,0,0,0,0,2,18,0,0,0,0,0,0,11,417,0,0,0,0,0,0,0,0,0,0,8,101,1,4,2,94,0,0,0,0,0,0,0,0,0,0,0,0,0,0,0,0,0,0,0,0,0,0,0,0,1,27
army general,0,0,0,8,27,1,0,0,0,8,27,1,0,0,0,0,0,0,0,0,0,0,0,0,0,0,0,0,0,0,0,0,0,0,0,0,0,0,0,0,0,0,0,0,0,0,0,0,8,27,0,0,0,0,0,0,0,0,0,0,0,0,0,0,0,0,0,0,0,0,0,0,0,0
arthricia,0,0,0,30,274,1,0,0,0,30,274,1,0,0,0,0,0,0,0,0,0,0,0,0,0,0,0,0,0,0,0,0,0,0,0,0,0,0,0,0,0,0,0,0,30,274,0,0,0,0,0,0,0,0,0,0,0,0,0,0,0,0,0,0,0,0,0,0,0,0,0,0,0,0
beta-7,0,0,0,8,60,1,0,0,0,8,60,1,0,0,0,0,0,0,0,0,0,0,0,0,0,0,0,0,0,0,0,0,0,0,0,0,8,60,0,0,0,0,0,0,0,0,0,0,0,0,0,0,0,0,0,0,0,0,0,0,0,0,0,0,0,0,0,0,0,0,0,0,0,0
beth,155,1609,11,160,1505,8,119,1742,9,434,4856,28,12,91,11,70,5,30,1,17,24,270,24,256,17,149,20,282,16,171,24,255,1,18,32,251,23,283,11,102,22,175,25,318,2,17,0,0,0,0,13,107,32,252,3,17,34,462,4,25,18,95,21,242,21,424,0,0,12,170,5,295,1,12
big morty,0,0,0,0,0,0,7,97,1,7,97,1,0,0,0,0,0,0,0,0,0,0,0,0,0,0,0,0,0,0,0,0,0,0,0,0,0,0,0,0,0,0,0,0,0,0,0,0,0,0,0,0,0,0,0,0,0,0,0,0,0,0,0,0,0,0,7,97,0,0,0,0,0,0
birdperson,15,176,1,11,170,2,1,3,1,27,349,4,0,0,0,0,0,0,0,0,0,0,0,0,0,0,0,0,15,176,0,0,0,0,0,0,0,0,0,0,8,161,0,0,0,0,0,0,0,0,3,9,0,0,0,0,0,0,0,0,0,0,0,0,0,0,0,0,1,3,0,0,0,0
blim blam,0,0,0,6,227,1,0,0,0,6,227,1,0,0,0,0,0,0,0,0,0,0,0,0,0,0,0,0,0,0,0,0,0,0,0,0,6,227,0,0,0,0,0,0,0,0,0,0,0,0,0,0,0,0,0,0,0,0,0,0,0,0,0,0,0,0,0,0,0,0,0,0,0,0
both ricks,0,0,0,10,168,1,0,0,0,10,168,1,0,0,0,0,0,0,0,0,0,0,0,0,0,0,0,0,0,0,0,0,0,0,10,168,0,0,0,0,0,0,0,0,0,0,0,0,0,0,0,0,0,0,0,0,0,0,0,0,0,0,0,0,0,0,0,0,0,0,0,0,0,0
brad,17,150,2,0,0,0,0,0,0,17,150,2,0,0,0,0,0,0,0,0,0,0,0,0,0,0,10,102,7,48,0,0,0,0,0,0,0,0,0,0,0,0,0,0,0,0,0,0,0,0,0,0,0,0,0,0,0,0,0,0,0,0,0,0,0,0,0,0,0,0,0,0,0,0
business man,3,26,1,3,17,1,0,0,0,6,43,2,0,0,0,0,0,0,0,0,0,0,0,0,0,0,0,0,0,0,3,26,0,0,0,0,0,0,0,0,0,0,3,17,0,0,0,0,0,0,0,0,0,0,0,0,0,0,0,0,0,0,0,0,0,0,0,0,0,0,0,0,0,0
campaign manager morty,0,0,0,0,0,0,12,132,1,12,132,1,0,0,0,0,0,0,0,0,0,0,0,0,0,0,0,0,0,0,0,0,0,0,0,0,0,0,0,0,0,0,0,0,0,0,0,0,0,0,0,0,0,0,0,0,0,0,0,0,0,0,0,0,0,0,12,132,0,0,0,0,0,0
candidate morty,0,0,0,0,0,0,20,308,1,20,308,1,0,0,0,0,0,0,0,0,0,0,0,0,0,0,0,0,0,0,0,0,0,0,0,0,0,0,0,0,0,0,0,0,0,0,0,0,0,0,0,0,0,0,0,0,0,0,0,0,0,0,0,0,0,0,20,308,0,0,0,0,0,0
comedian,0,0,0,6,105,1,0,0,0,6,105,1,0,0,0,0,0,0,0,0,0,0,0,0,0,0,0,0,0,0,0,0,0,0,0,0,0,0,0,0,0,0,6,105,0,0,0,0,0,0,0,0,0,0,0,0,0,0,0,0,0,0,0,0,0,0,0,0,0,0,0,0,0,0
cop morty,0,0,0,0,0,0,34,434,1,34,434,1,0,0,0,0,0,0,0,0,0,0,0,0,0,0,0,0,0,0,0,0,0,0,0,0,0,0,0,0,0,0,0,0,0,0,0,0,0,0,0,0,0,0,0,0,0,0,0,0,0,0,0,0,0,0,34,434,0,0,0,0,0,0
cop rick,0,0,0,0,0,0,26,238,1,26,238,1,0,0,0,0,0,0,0,0,0,0,0,0,0,0,0,0,0,0,0,0,0,0,0,0,0,0,0,0,0,0,0,0,0,0,0,0,0,0,0,0,0,0,0,0,0,0,0,0,0,0,0,0,0,0,26,238,0,0,0,0,0,0
cornvelious daniel,0,0,0,0,0,0,25,289,1,25,289,1,0,0,0,0,0,0,0,0,0,0,0,0,0,0,0,0,0,0,0,0,0,0,0,0,0,0,0,0,0,0,0,0,0,0,0,0,0,0,0,0,0,0,0,0,0,0,0,0,0,0,0,0,0,0,0,0,25,289,0,0,0,0
cromulon,0,0,0,10,144,1,0,0,0,10,144,1,0,0,0,0,0,0,0,0,0,0,0,0,0,0,0,0,0,0,0,0,0,0,0,0,0,0,0,0,10,144,0,0,0,0,0,0,0,0,0,0,0,0,0,0,0,0,0,0,0,0,0,0,0,0,0,0,0,0,0,0,0,0
crowd,3,6,1,0,0,0,3,3,1,6,9,2,0,0,0,0,0,0,0,0,0,0,0,0,0,0,0,0,0,0,0,0,3,6,0,0,0,0,0,0,0,0,0,0,0,0,0,0,0,0,0,0,0,0,0,0,0,0,0,0,0,0,0,0,0,0,0,0,0,0,0,0,3,3
doofus rick,18,287,1,0,0,0,0,0,0,18,287,1,0,0,18,287,0,0,0,0,0,0,0,0,0,0,0,0,0,0,0,0,0,0,0,0,0,0,0,0,0,0,0,0,0,0,0,0,0,0,0,0,0,0,0,0,0,0,0,0,0,0,0,0,0,0,0,0,0,0,0,0,0,0
dr. bloom,31,463,1,0,0,0,0,0,0,31,463,1,31,463,0,0,0,0,0,0,0,0,0,0,0,0,0,0,0,0,0,0,0,0,0,0,0,0,0,0,0,0,0,0,0,0,0,0,0,0,0,0,0,0,0,0,0,0,0,0,0,0,0,0,0,0,0,0,0,0,0,0,0,0
dr. wong,0,0,0,0,0,0,21,491,1,21,491,1,0,0,0,0,0,0,0,0,0,0,0,0,0,0,0,0,0,0,0,0,0,0,0,0,0,0,0,0,0,0,0,0,0,0,0,0,0,0,0,0,0,0,0,0,21,491,0,0,0,0,0,0,0,0,0,0,0,0,0,0,0,0
drunk rick,0,0,0,0,0,0,22,562,1,22,562,1,0,0,0,0,0,0,0,0,0,0,0,0,0,0,0,0,0,0,0,0,0,0,0,0,0,0,0,0,0,0,0,0,0,0,0,0,0,0,0,0,0,0,0,0,0,0,0,0,0,0,0,0,0,0,0,0,0,0,0,0,22,562
eli,0,0,0,0,0,0,6,46,1,6,46,1,0,0,0,0,0,0,0,0,0,0,0,0,0,0,0,0,0,0,0,0,0,0,0,0,0,0,0,0,0,0,0,0,0,0,0,0,0,0,0,0,0,0,0,0,0,0,0,0,6,46,0,0,0,0,0,0,0,0,0,0,0,0
ethan,10,99,1,2,13,1,0,0,0,12,112,2,10,99,0,0,0,0,0,0,0,0,0,0,0,0,0,0,0,0,0,0,0,0,0,0,0,0,0,0,2,13,0,0,0,0,0,0,0,0,0,0,0,0,0,0,0,0,0,0,0,0,0,0,0,0,0,0,0,0,0,0,0,0
evil rick,14,219,1,0,0,0,0,0,0,14,219,1,0,0,14,219,0,0,0,0,0,0,0,0,0,0,0,0,0,0,0,0,0,0,0,0,0,0,0,0,0,0,0,0,0,0,0,0,0,0,0,0,0,0,0,0,0,0,0,0,0,0,0,0,0,0,0,0,0,0,0,0,0,0
eyehole man,0,0,0,7,52,1,0,0,0,7,52,1,0,0,0,0,0,0,0,0,0,0,0,0,0,0,0,0,0,0,0,0,0,0,0,0,0,0,0,0,0,0,7,52,0,0,0,0,0,0,0,0,0,0,0,0,0,0,0,0,0,0,0,0,0,0,0,0,0,0,0,0,0,0
fake doors salesman,6,205,1,0,0,0,0,0,0,6,205,1,0,0,0,0,0,0,0,0,0,0,0,0,0,0,0,0,0,0,6,205,0,0,0,0,0,0,0,0,0,0,0,0,0,0,0,0,0,0,0,0,0,0,0,0,0,0,0,0,0,0,0,0,0,0,0,0,0,0,0,0,0,0
fart,0,0,0,25,393,1,0,0,0,25,393,1,0,0,0,0,0,0,0,0,0,0,0,0,0,0,0,0,0,0,0,0,0,0,0,0,0,0,0,0,0,0,0,0,0,0,25,393,0,0,0,0,0,0,0,0,0,0,0,0,0,0,0,0,0,0,0,0,0,0,0,0,0,0
fat morty,0,0,0,0,0,0,7,132,1,7,132,1,0,0,0,0,0,0,0,0,0,0,0,0,0,0,0,0,0,0,0,0,0,0,0,0,0,0,0,0,0,0,0,0,0,0,0,0,0,0,0,0,0,0,0,0,0,0,0,0,0,0,0,0,0,0,7,132,0,0,0,0,0,0
flippynips,11,175,1,0,0,0,0,0,0,11,175,1,0,0,0,0,0,0,0,0,0,0,0,0,0,0,0,0,0,0,0,0,11,175,0,0,0,0,0,0,0,0,0,0,0,0,0,0,0,0,0,0,0,0,0,0,0,0,0,0,0,0,0,0,0,0,0,0,0,0,0,0,0,0
frankenstein,0,0,0,7,70,1,0,0,0,7,70,1,0,0,0,0,0,0,0,0,0,0,0,0,0,0,0,0,0,0,0,0,0,0,0,0,0,0,0,0,0,0,0,0,0,0,0,0,0,0,0,0,7,70,0,0,0,0,0,0,0,0,0,0,0,0,0,0,0,0,0,0,0,0
gearhead,5,63,1,5,100,1,0,0,0,10,163,2,0,0,0,0,0,0,0,0,0,0,0,0,0,0,0,0,5,63,0,0,0,0,0,0,0,0,0,0,0,0,0,0,0,0,5,100,0,0,0,0,0,0,0,0,0,0,0,0,0,0,0,0,0,0,0,0,0,0,0,0,0,0
glasses morty,0,0,0,0,0,0,9,73,1,9,73,1,0,0,0,0,0,0,0,0,0,0,0,0,0,0,0,0,0,0,0,0,0,0,0,0,0,0,0,0,0,0,0,0,0,0,0,0,0,0,0,0,0,0,0,0,0,0,0,0,0,0,0,0,0,0,9,73,0,0,0,0,0,0
goldenfold,8,79,1,0,0,0,0,0,0,8,79,1,0,0,0,0,0,0,0,0,0,0,0,0,0,0,0,0,0,0,0,0,8,79,0,0,0,0,0,0,0,0,0,0,0,0,0,0,0,0,0,0,0,0,0,0,0,0,0,0,0,0,0,0,0,0,0,0,0,0,0,0,0,0
gromflomite,3,32,1,4,29,1,0,0,0,7,61,2,0,0,0,0,0,0,0,0,0,0,3,32,0,0,0,0,0,0,0,0,0,0,0,0,0,0,0,0,0,0,0,0,0,0,4,29,0,0,0,0,0,0,0,0,0,0,0,0,0,0,0,0,0,0,0,0,0,0,0,0,0,0
gromflomite worker,0,0,0,0,0,0,7,60,1,7,60,1,0,0,0,0,0,0,0,0,0,0,0,0,0,0,0,0,0,0,0,0,0,0,0,0,0,0,0,0,0,0,0,0,0,0,0,0,0,0,0,0,0,0,0,0,0,0,0,0,0,0,0,0,0,0,0,0,7,60,0,0,0,0
guy,1,5,1,6,52,1,0,0,0,7,57,2,0,0,0,0,0,0,0,0,0,0,0,0,0,0,0,0,1,5,0,0,0,0,0,0,0,0,0,0,0,0,0,0,6,52,0,0,0,0,0,0,0,0,0,0,0,0,0,0,0,0,0,0,0,0,0,0,0,0,0,0,0,0
hemorrhage,0,0,0,0,0,0,28,249,1,28,249,1,0,0,0,0,0,0,0,0,0,0,0,0,0,0,0,0,0,0,0,0,0,0,0,0,0,0,0,0,0,0,0,0,0,0,0,0,0,0,0,0,0,0,0,0,0,0,0,0,28,249,0,0,0,0,0,0,0,0,0,0,0,0
ice-t,0,0,0,13,241,1,0,0,0,13,241,1,0,0,0,0,0,0,0,0,0,0,0,0,0,0,0,0,0,0,0,0,0,0,0,0,0,0,0,0,13,241,0,0,0,0,0,0,0,0,0,0,0,0,0,0,0,0,0,0,0,0,0,0,0,0,0,0,0,0,0,0,0,0
jacob,14,165,1,0,0,0,0,0,0,14,165,1,14,165,0,0,0,0,0,0,0,0,0,0,0,0,0,0,0,0,0,0,0,0,0,0,0,0,0,0,0,0,0,0,0,0,0,0,0,0,0,0,0,0,0,0,0,0,0,0,0,0,0,0,0,0,0,0,0,0,0,0,0,0
jaguar,0,0,0,0,0,0,7,85,1,7,85,1,0,0,0,0,0,0,0,0,0,0,0,0,0,0,0,0,0,0,0,0,0,0,0,0,0,0,0,0,0,0,0,0,0,0,0,0,0,0,0,0,0,0,0,0,7,85,0,0,0,0,0,0,0,0,0,0,0,0,0,0,0,0
jerry,344,3977,11,237,2572,9,85,1496,5,666,8045,25,28,366,25,266,26,286,36,560,32,307,29,412,21,174,29,284,27,240,44,507,47,575,25,432,25,320,18,147,14,204,43,480,34,249,38,312,0,0,13,172,27,256,0,0,0,0,0,0,11,82,16,271,10,306,0,0,13,155,35,682,0,0
jerry-sitter,0,0,0,6,57,1,0,0,0,6,57,1,0,0,0,0,0,0,0,0,0,0,0,0,0,0,0,0,0,0,0,0,0,0,0,0,0,0,0,0,0,0,0,0,0,0,6,57,0,0,0,0,0,0,0,0,0,0,0,0,0,0,0,0,0,0,0,0,0,0,0,0,0,0
jessica,26,222,4,0,0,0,16,163,1,42,385,5,0,0,0,0,0,0,3,35,0,0,8,78,0,0,8,59,7,50,0,0,0,0,0,0,0,0,0,0,0,0,0,0,0,0,0,0,0,0,0,0,0,0,0,0,0,0,16,163,0,0,0,0,0,0,0,0,0,0,0,0,0,0
kiara,0,0,0,0,0,0,7,66,1,7,66,1,0,0,0,0,0,0,0,0,0,0,0,0,0,0,0,0,0,0,0,0,0,0,0,0,0,0,0,0,0,0,0,0,0,0,0,0,0,0,0,0,0,0,0,0,0,0,0,0,0,0,7,66,0,0,0,0,0,0,0,0,0,0
kyle,0,0,0,6,119,1,0,0,0,6,119,1,0,0,0,0,0,0,0,0,0,0,0,0,0,0,0,0,0,0,0,0,0,0,0,0,0,0,0,0,0,0,0,0,0,0,0,0,6,119,0,0,0,0,0,0,0,0,0,0,0,0,0,0,0,0,0,0,0,0,0,0,0,0
large man,0,0,0,6,48,1,0,0,0,6,48,1,0,0,0,0,0,0,0,0,0,0,0,0,0,0,0,0,0,0,0,0,0,0,0,0,0,0,0,0,0,0,0,0,6,48,0,0,0,0,0,0,0,0,0,0,0,0,0,0,0,0,0,0,0,0,0,0,0,0,0,0,0,0
leonard,6,122,1,0,0,0,0,0,0,6,122,1,6,122,0,0,0,0,0,0,0,0,0,0,0,0,0,0,0,0,0,0,0,0,0,0,0,0,0,0,0,0,0,0,0,0,0,0,0,0,0,0,0,0,0,0,0,0,0,0,0,0,0,0,0,0,0,0,0,0,0,0,0,0
lighthouse keeper,0,0,0,20,314,1,0,0,0,20,314,1,0,0,0,0,0,0,0,0,0,0,0,0,0,0,0,0,0,0,0,0,0,0,0,0,0,0,0,0,0,0,0,0,20,314,0,0,0,0,0,0,0,0,0,0,0,0,0,0,0,0,0,0,0,0,0,0,0,0,0,0,0,0
lizard morty,0,0,0,0,0,0,11,110,1,11,110,1,0,0,0,0,0,0,0,0,0,0,0,0,0,0,0,0,0,0,0,0,0,0,0,0,0,0,0,0,0,0,0,0,0,0,0,0,0,0,0,0,0,0,0,0,0,0,0,0,0,0,0,0,0,0,11,110,0,0,0,0,0,0
lucy,19,215,1,0,0,0,0,0,0,19,215,1,0,0,0,0,0,0,0,0,0,0,0,0,0,0,0,0,19,215,0,0,0,0,0,0,0,0,0,0,0,0,0,0,0,0,0,0,0,0,0,0,0,0,0,0,0,0,0,0,0,0,0,0,0,0,0,0,0,0,0,0,0,0
man,1,3,1,12,119,3,2,37,1,15,159,5,0,0,0,0,0,0,0,0,0,0,0,0,0,0,0,0,0,0,1,3,0,0,0,0,0,0,0,0,2,14,0,0,8,65,0,0,2,40,0,0,0,0,0,0,0,0,2,37,0,0,0,0,0,0,0,0,0,0,0,0,0,0
mechanical morty,0,0,0,0,0,0,9,182,1,9,182,1,0,0,0,0,0,0,0,0,0,0,0,0,0,0,0,0,0,0,0,0,0,0,0,0,0,0,0,0,0,0,0,0,0,0,0,0,0,0,0,0,0,0,0,0,0,0,0,0,9,182,0,0,0,0,0,0,0,0,0,0,0,0
mechanical summer,0,0,0,0,0,0,8,61,1,8,61,1,0,0,0,0,0,0,0,0,0,0,0,0,0,0,0,0,0,0,0,0,0,0,0,0,0,0,0,0,0,0,0,0,0,0,0,0,0,0,0,0,0,0,0,0,0,0,0,0,8,61,0,0,0,0,0,0,0,0,0,0,0,0
meeseeks,23,262,1,0,0,0,0,0,0,23,262,1,0,0,0,0,0,0,0,0,23,262,0,0,0,0,0,0,0,0,0,0,0,0,0,0,0,0,0,0,0,0,0,0,0,0,0,0,0,0,0,0,0,0,0,0,0,0,0,0,0,0,0,0,0,0,0,0,0,0,0,0,0,0
meeseeks *,9,93,1,0,0,0,0,0,0,9,93,1,0,0,0,0,0,0,0,0,9,93,0,0,0,0,0,0,0,0,0,0,0,0,0,0,0,0,0,0,0,0,0,0,0,0,0,0,0,0,0,0,0,0,0,0,0,0,0,0,0,0,0,0,0,0,0,0,0,0,0,0,0,0
meeseeks 3,11,128,1,0,0,0,0,0,0,11,128,1,0,0,0,0,0,0,0,0,11,128,0,0,0,0,0,0,0,0,0,0,0,0,0,0,0,0,0,0,0,0,0,0,0,0,0,0,0,0,0,0,0,0,0,0,0,0,0,0,0,0,0,0,0,0,0,0,0,0,0,0,0,0
million ants,0,0,0,0,0,0,15,120,1,15,120,1,0,0,0,0,0,0,0,0,0,0,0,0,0,0,0,0,0,0,0,0,0,0,0,0,0,0,0,0,0,0,0,0,0,0,0,0,0,0,0,0,0,0,0,0,0,0,0,0,0,0,0,0,0,0,0,0,0,0,0,0,15,120
morty,524,5594,11,317,3213,10,343,3965,10,1184,12772,31,47,367,32,400,57,461,58,447,44,643,76,626,45,705,44,629,61,588,26,374,34,354,24,203,26,248,6,111,34,277,18,267,86,833,39,340,48,538,11,79,25,317,20,272,21,209,86,1113,48,599,11,92,38,332,10,104,46,607,3,72,60,565
morty 1,1,22,1,7,47,1,2,32,1,10,101,3,0,0,1,22,0,0,0,0,0,0,0,0,0,0,0,0,0,0,0,0,0,0,7,47,0,0,0,0,0,0,0,0,0,0,0,0,0,0,0,0,0,0,0,0,0,0,0,0,0,0,0,0,0,0,2,32,0,0,0,0,0,0
morty 2,1,8,1,10,54,1,3,27,1,14,89,3,0,0,1,8,0,0,0,0,0,0,0,0,0,0,0,0,0,0,0,0,0,0,10,54,0,0,0,0,0,0,0,0,0,0,0,0,0,0,0,0,0,0,0,0,0,0,0,0,0,0,0,0,0,0,3,27,0,0,0,0,0,0
morty 30,0,0,0,6,27,1,0,0,0,6,27,1,0,0,0,0,0,0,0,0,0,0,0,0,0,0,0,0,0,0,0,0,0,0,6,27,0,0,0,0,0,0,0,0,0,0,0,0,0,0,0,0,0,0,0,0,0,0,0,0,0,0,0,0,0,0,0,0,0,0,0,0,0,0
morty jr,26,255,1,0,0,0,0,0,0,26,255,1,0,0,0,0,0,0,0,0,0,0,0,0,26,255,0,0,0,0,0,0,0,0,0,0,0,0,0,0,0,0,0,0,0,0,0,0,0,0,0,0,0,0,0,0,0,0,0,0,0,0,0,0,0,0,0,0,0,0,0,0,0,0
mr president,0,0,0,0,0,0,11,225,1,11,225,1,0,0,0,0,0,0,0,0,0,0,0,0,0,0,0,0,0,0,0,0,0,0,0,0,0,0,0,0,0,0,0,0,0,0,0,0,0,0,0,0,0,0,0,0,0,0,0,0,0,0,0,0,11,225,0,0,0,0,0,0,0,0
mr. beauregard,0,0,0,8,86,1,0,0,0,8,86,1,0,0,0,0,0,0,0,0,0,0,0,0,0,0,0,0,0,0,0,0,0,0,0,0,0,0,0,0,0,0,0,0,0,0,0,0,0,0,0,0,8,86,0,0,0,0,0,0,0,0,0,0,0,0,0,0,0,0,0,0,0,0
mr. goldenfold,25,275,3,7,98,1,6,90,3,38,463,7,0,0,0,0,8,55,8,91,0,0,9,129,0,0,0,0,0,0,0,0,0,0,0,0,0,0,0,0,7,98,0,0,0,0,0,0,0,0,0,0,0,0,0,0,3,34,2,46,0,0,0,0,0,0,0,0,1,10,0,0,0,0
mr. jelly bean,7,45,1,0,0,0,0,0,0,7,45,1,0,0,0,0,0,0,0,0,7,45,0,0,0,0,0,0,0,0,0,0,0,0,0,0,0,0,0,0,0,0,0,0,0,0,0,0,0,0,0,0,0,0,0,0,0,0,0,0,0,0,0,0,0,0,0,0,0,0,0,0,0,0
mr. marklevitz,13,54,1,0,0,0,0,0,0,13,54,1,0,0,0,0,0,0,13,54,0,0,0,0,0,0,0,0,0,0,0,0,0,0,0,0,0,0,0,0,0,0,0,0,0,0,0,0,0,0,0,0,0,0,0,0,0,0,0,0,0,0,0,0,0,0,0,0,0,0,0,0,0,0
mr. poopybutthole,0,0,0,16,238,2,0,0,0,16,238,2,0,0,0,0,0,0,0,0,0,0,0,0,0,0,0,0,0,0,0,0,0,0,0,0,0,0,0,0,0,0,0,0,0,0,0,0,0,0,4,124,12,114,0,0,0,0,0,0,0,0,0,0,0,0,0,0,0,0,0,0,0,0
mr.president,0,0,0,9,90,1,0,0,0,9,90,1,0,0,0,0,0,0,0,0,0,0,0,0,0,0,0,0,0,0,0,0,0,0,0,0,0,0,0,0,0,0,0,0,0,0,0,0,9,90,0,0,0,0,0,0,0,0,0,0,0,0,0,0,0,0,0,0,0,0,0,0,0,0
mrs. pancakes,8,36,1,0,0,0,1,4,1,9,40,2,0,0,0,0,8,36,0,0,0,0,0,0,0,0,0,0,0,0,0,0,0,0,0,0,0,0,0,0,0,0,0,0,0,0,0,0,0,0,0,0,0,0,0,0,0,0,1,4,0,0,0,0,0,0,0,0,0,0,0,0,0,0
narrator,0,0,0,1,116,1,8,183,1,9,299,2,0,0,0,0,0,0,0,0,0,0,0,0,0,0,0,0,0,0,0,0,0,0,0,0,0,0,0,0,0,0,1,116,0,0,0,0,0,0,0,0,0,0,0,0,0,0,0,0,0,0,0,0,0,0,8,183,0,0,0,0,0,0
nathan,0,0,0,10,115,1,0,0,0,10,115,1,0,0,0,0,0,0,0,0,0,0,0,0,0,0,0,0,0,0,0,0,0,0,0,0,0,0,0,0,10,115,0,0,0,0,0,0,0,0,0,0,0,0,0,0,0,0,0,0,0,0,0,0,0,0,0,0,0,0,0,0,0,0
needful,39,346,1,0,0,0,0,0,0,39,346,1,0,0,0,0,0,0,0,0,0,0,0,0,0,0,0,0,0,0,0,0,39,346,0,0,0,0,0,0,0,0,0,0,0,0,0,0,0,0,0,0,0,0,0,0,0,0,0,0,0,0,0,0,0,0,0,0,0,0,0,0,0,0
negotiator rick,0,0,0,0,0,0,6,95,1,6,95,1,0,0,0,0,0,0,0,0,0,0,0,0,0,0,0,0,0,0,0,0,0,0,0,0,0,0,0,0,0,0,0,0,0,0,0,0,0,0,0,0,0,0,0,0,0,0,0,0,0,0,0,0,0,0,6,95,0,0,0,0,0,0
nicky,0,0,0,6,83,1,0,0,0,6,83,1,0,0,0,0,0,0,0,0,0,0,0,0,0,0,0,0,0,0,0,0,0,0,0,0,0,0,0,0,0,0,0,0,0,0,0,0,0,0,0,0,6,83,0,0,0,0,0,0,0,0,0,0,0,0,0,0,0,0,0,0,0,0
other jerry,0,0,0,6,34,1,0,0,0,6,34,1,0,0,0,0,0,0,0,0,0,0,0,0,0,0,0,0,0,0,0,0,0,0,0,0,0,0,0,0,0,0,0,0,0,0,6,34,0,0,0,0,0,0,0,0,0,0,0,0,0,0,0,0,0,0,0,0,0,0,0,0,0,0
pencilvester,0,0,0,7,66,1,0,0,0,7,66,1,0,0,0,0,0,0,0,0,0,0,0,0,0,0,0,0,0,0,0,0,0,0,0,0,0,0,0,0,0,0,0,0,0,0,0,0,0,0,0,0,7,66,0,0,0,0,0,0,0,0,0,0,0,0,0,0,0,0,0,0,0,0
pickle rick,0,0,0,0,0,0,80,1092,1,80,1092,1,0,0,0,0,0,0,0,0,0,0,0,0,0,0,0,0,0,0,0,0,0,0,0,0,0,0,0,0,0,0,0,0,0,0,0,0,0,0,0,0,0,0,0,0,80,1092,0,0,0,0,0,0,0,0,0,0,0,0,0,0,0,0
poncho,14,173,1,0,0,0,0,0,0,14,173,1,14,173,0,0,0,0,0,0,0,0,0,0,0,0,0,0,0,0,0,0,0,0,0,0,0,0,0,0,0,0,0,0,0,0,0,0,0,0,0,0,0,0,0,0,0,0,0,0,0,0,0,0,0,0,0,0,0,0,0,0,0,0
president,0,0,0,27,326,1,45,757,1,72,1083,2,0,0,0,0,0,0,0,0,0,0,0,0,0,0,0,0,0,0,0,0,0,0,0,0,0,0,0,0,27,326,0,0,0,0,0,0,0,0,0,0,0,0,0,0,0,0,0,0,0,0,0,0,45,757,0,0,0,0,0,0,0,0
president morty,0,0,0,0,0,0,7,102,1,7,102,1,0,0,0,0,0,0,0,0,0,0,0,0,0,0,0,0,0,0,0,0,0,0,0,0,0,0,0,0,0,0,0,0,0,0,0,0,0,0,0,0,0,0,0,0,0,0,0,0,0,0,0,0,0,0,7,102,0,0,0,0,0,0
prince nebulon,14,363,1,0,0,0,0,0,0,14,363,1,0,0,0,0,0,0,14,363,0,0,0,0,0,0,0,0,0,0,0,0,0,0,0,0,0,0,0,0,0,0,0,0,0,0,0,0,0,0,0,0,0,0,0,0,0,0,0,0,0,0,0,0,0,0,0,0,0,0,0,0,0,0
principal vagina,7,189,2,18,346,1,8,89,1,33,624,4,0,0,0,0,0,0,0,0,0,0,5,119,0,0,2,70,0,0,0,0,0,0,0,0,0,0,0,0,18,346,0,0,0,0,0,0,0,0,0,0,0,0,8,89,0,0,0,0,0,0,0,0,0,0,0,0,0,0,0,0,0,0
reporter,6,116,2,0,0,0,0,0,0,6,116,2,4,83,0,0,2,33,0,0,0,0,0,0,0,0,0,0,0,0,0,0,0,0,0,0,0,0,0,0,0,0,0,0,0,0,0,0,0,0,0,0,0,0,0,0,0,0,0,0,0,0,0,0,0,0,0,0,0,0,0,0,0,0
rick,671,11767,11,540,8408,10,467,7148,10,1678,27323,31,48,709,71,1169,72,1236,65,1083,53,796,81,2115,57,1008,46,1405,67,847,44,681,67,718,24,477,66,981,17,426,45,528,30,343,107,1580,67,1319,97,1287,25,351,62,1116,13,189,8,77,77,1111,68,905,20,385,85,1311,10,176,70,1062,36,745,80,1187
rick 1,20,238,1,7,45,1,0,0,0,27,283,2,0,0,20,238,0,0,0,0,0,0,0,0,0,0,0,0,0,0,0,0,0,0,7,45,0,0,0,0,0,0,0,0,0,0,0,0,0,0,0,0,0,0,0,0,0,0,0,0,0,0,0,0,0,0,0,0,0,0,0,0,0,0
rick 2,7,46,1,8,54,1,0,0,0,15,100,2,0,0,7,46,0,0,0,0,0,0,0,0,0,0,0,0,0,0,0,0,0,0,8,54,0,0,0,0,0,0,0,0,0,0,0,0,0,0,0,0,0,0,0,0,0,0,0,0,0,0,0,0,0,0,0,0,0,0,0,0,0,0
rick 30,0,0,0,7,105,1,0,0,0,7,105,1,0,0,0,0,0,0,0,0,0,0,0,0,0,0,0,0,0,0,0,0,0,0,7,105,0,0,0,0,0,0,0,0,0,0,0,0,0,0,0,0,0,0,0,0,0,0,0,0,0,0,0,0,0,0,0,0,0,0,0,0,0,0
rick council 1,8,129,1,0,0,0,0,0,0,8,129,1,0,0,8,129,0,0,0,0,0,0,0,0,0,0,0,0,0,0,0,0,0,0,0,0,0,0,0,0,0,0,0,0,0,0,0,0,0,0,0,0,0,0,0,0,0,0,0,0,0,0,0,0,0,0,0,0,0,0,0,0,0,0
rick d716,0,0,0,0,0,0,8,105,1,8,105,1,0,0,0,0,0,0,0,0,0,0,0,0,0,0,0,0,0,0,0,0,0,0,0,0,0,0,0,0,0,0,0,0,0,0,0,0,0,0,0,0,0,0,0,0,0,0,0,0,0,0,0,0,0,0,8,105,0,0,0,0,0,0
rick d716-b,0,0,0,0,0,0,6,70,1,6,70,1,0,0,0,0,0,0,0,0,0,0,0,0,0,0,0,0,0,0,0,0,0,0,0,0,0,0,0,0,0,0,0,0,0,0,0,0,0,0,0,0,0,0,0,0,0,0,0,0,0,0,0,0,0,0,6,70,0,0,0,0,0,0
rick j-22,0,0,0,0,0,0,9,109,1,9,109,1,0,0,0,0,0,0,0,0,0,0,0,0,0,0,0,0,0,0,0,0,0,0,0,0,0,0,0,0,0,0,0,0,0,0,0,0,0,0,0,0,0,0,0,0,0,0,0,0,0,0,0,0,0,0,9,109,0,0,0,0,0,0
riq iv,0,0,0,0,0,0,13,151,1,13,151,1,0,0,0,0,0,0,0,0,0,0,0,0,0,0,0,0,0,0,0,0,0,0,0,0,0,0,0,0,0,0,0,0,0,0,0,0,0,0,0,0,0,0,0,0,0,0,0,0,0,0,0,0,0,0,0,0,13,151,0,0,0,0
roger,9,168,1,0,0,0,0,0,0,9,168,1,9,168,0,0,0,0,0,0,0,0,0,0,0,0,0,0,0,0,0,0,0,0,0,0,0,0,0,0,0,0,0,0,0,0,0,0,0,0,0,0,0,0,0,0,0,0,0,0,0,0,0,0,0,0,0,0,0,0,0,0,0,0
scary terry,18,141,1,0,0,0,0,0,0,18,141,1,0,0,0,0,18,141,0,0,0,0,0,0,0,0,0,0,0,0,0,0,0,0,0,0,0,0,0,0,0,0,0,0,0,0,0,0,0,0,0,0,0,0,0,0,0,0,0,0,0,0,0,0,0,0,0,0,0,0,0,0,0,0
scroopy noopers,8,169,1,0,0,0,0,0,0,8,169,1,0,0,0,0,0,0,0,0,0,0,0,0,0,0,0,0,0,0,0,0,8,169,0,0,0,0,0,0,0,0,0,0,0,0,0,0,0,0,0,0,0,0,0,0,0,0,0,0,0,0,0,0,0,0,0,0,0,0,0,0,0,0
ship,0,0,0,17,209,2,0,0,0,17,209,2,0,0,0,0,0,0,0,0,0,0,0,0,0,0,0,0,0,0,0,0,0,0,0,0,0,0,0,0,0,0,0,0,0,0,1,10,16,199,0,0,0,0,0,0,0,0,0,0,0,0,0,0,0,0,0,0,0,0,0,0,0,0
sleepy gary,0,0,0,8,131,1,0,0,0,8,131,1,0,0,0,0,0,0,0,0,0,0,0,0,0,0,0,0,0,0,0,0,0,0,0,0,0,0,0,0,0,0,0,0,0,0,0,0,0,0,0,0,8,131,0,0,0,0,0,0,0,0,0,0,0,0,0,0,0,0,0,0,0,0
slick,0,0,0,0,0,0,10,193,1,10,193,1,0,0,0,0,0,0,0,0,0,0,0,0,0,0,0,0,0,0,0,0,0,0,0,0,0,0,0,0,0,0,0,0,0,0,0,0,0,0,0,0,0,0,0,0,0,0,0,0,0,0,0,0,0,0,10,193,0,0,0,0,0,0
snuffles,23,272,1,0,0,0,0,0,0,23,272,1,0,0,0,0,23,272,0,0,0,0,0,0,0,0,0,0,0,0,0,0,0,0,0,0,0,0,0,0,0,0,0,0,0,0,0,0,0,0,0,0,0,0,0,0,0,0,0,0,0,0,0,0,0,0,0,0,0,0,0,0,0,0
soldier,0,0,0,3,10,1,6,54,1,9,64,2,0,0,0,0,0,0,0,0,0,0,0,0,0,0,0,0,0,0,0,0,0,0,0,0,0,0,0,0,0,0,0,0,0,0,0,0,3,10,0,0,0,0,0,0,0,0,0,0,6,54,0,0,0,0,0,0,0,0,0,0,0,0
squanchy,8,58,1,6,32,1,0,0,0,14,90,2,0,0,0,0,0,0,0,0,0,0,0,0,0,0,0,0,8,58,0,0,0,0,0,0,0,0,0,0,0,0,0,0,0,0,0,0,0,0,6,32,0,0,0,0,0,0,0,0,0,0,0,0,0,0,0,0,0,0,0,0,0,0
stacy,0,0,0,0,0,0,8,52,1,8,52,1,0,0,0,0,0,0,0,0,0,0,0,0,0,0,0,0,0,0,0,0,0,0,0,0,0,0,0,0,0,0,0,0,0,0,0,0,0,0,0,0,0,0,0,0,0,0,8,52,0,0,0,0,0,0,0,0,0,0,0,0,0,0
summer,198,2011,10,180,1455,9,111,1217,9,489,4683,28,12,94,1,1,20,152,0,0,7,55,8,72,35,509,13,162,30,258,21,225,51,483,17,127,39,355,9,147,13,181,13,80,30,192,0,0,25,125,6,31,28,217,1,8,7,88,2,5,43,501,14,125,8,71,0,0,33,379,2,33,1,7
summer 1,0,0,0,10,45,1,0,0,0,10,45,1,0,0,0,0,0,0,0,0,0,0,0,0,0,0,0,0,0,0,0,0,0,0,10,45,0,0,0,0,0,0,0,0,0,0,0,0,0,0,0,0,0,0,0,0,0,0,0,0,0,0,0,0,0,0,0,0,0,0,0,0,0,0
summer 2,0,0,0,6,32,1,0,0,0,6,32,1,0,0,0,0,0,0,0,0,0,0,0,0,0,0,0,0,0,0,0,0,0,0,6,32,0,0,0,0,0,0,0,0,0,0,0,0,0,0,0,0,0,0,0,0,0,0,0,0,0,0,0,0,0,0,0,0,0,0,0,0,0,0
supernova,0,0,0,0,0,0,44,423,1,44,423,1,0,0,0,0,0,0,0,0,0,0,0,0,0,0,0,0,0,0,0,0,0,0,0,0,0,0,0,0,0,0,0,0,0,0,0,0,0,0,0,0,0,0,0,0,0,0,0,0,0,0,0,0,0,0,0,0,0,0,0,0,44,423
swat officer 1,0,0,0,11,72,1,0,0,0,11,72,1,0,0,0,0,0,0,0,0,0,0,0,0,0,0,0,0,0,0,0,0,0,0,0,0,0,0,0,0,0,0,0,0,0,0,0,0,11,72,0,0,0,0,0,0,0,0,0,0,0,0,0,0,0,0,0,0,0,0,0,0,0,0
taddi mason,0,0,0,6,53,1,0,0,0,6,53,1,0,0,0,0,0,0,0,0,0,0,0,0,0,0,0,0,0,0,0,0,0,0,0,0,0,0,0,0,0,0,0,0,6,53,0,0,0,0,0,0,0,0,0,0,0,0,0,0,0,0,0,0,0,0,0,0,0,0,0,0,0,0
tammy,6,52,1,6,115,2,4,28,1,16,195,4,0,0,0,0,0,0,0,0,0,0,0,0,0,0,0,0,6,52,0,0,0,0,0,0,0,0,0,0,2,8,0,0,0,0,0,0,0,0,4,107,0,0,0,0,0,0,0,0,0,0,0,0,0,0,0,0,4,28,0,0,0,0
teacher rick,0,0,0,0,0,0,8,113,1,8,113,1,0,0,0,0,0,0,0,0,0,0,0,0,0,0,0,0,0,0,0,0,0,0,0,0,0,0,0,0,0,0,0,0,0,0,0,0,0,0,0,0,0,0,0,0,0,0,0,0,0,0,0,0,0,0,8,113,0,0,0,0,0,0
testicle monster a,0,0,0,27,440,1,0,0,0,27,440,1,0,0,0,0,0,0,0,0,0,0,0,0,0,0,0,0,0,0,0,0,0,0,27,440,0,0,0,0,0,0,0,0,0,0,0,0,0,0,0,0,0,0,0,0,0,0,0,0,0,0,0,0,0,0,0,0,0,0,0,0,0,0
tom,6,32,2,0,0,0,0,0,0,6,32,2,1,20,0,0,0,0,0,0,0,0,5,12,0,0,0,0,0,0,0,0,0,0,0,0,0,0,0,0,0,0,0,0,0,0,0,0,0,0,0,0,0,0,0,0,0,0,0,0,0,0,0,0,0,0,0,0,0,0,0,0,0,0
toxic morty,0,0,0,0,0,0,25,128,1,25,128,1,0,0,0,0,0,0,0,0,0,0,0,0,0,0,0,0,0,0,0,0,0,0,0,0,0,0,0,0,0,0,0,0,0,0,0,0,0,0,0,0,0,0,0,0,0,0,25,128,0,0,0,0,0,0,0,0,0,0,0,0,0,0
toxic rick,0,0,0,0,0,0,54,727,1,54,727,1,0,0,0,0,0,0,0,0,0,0,0,0,0,0,0,0,0,0,0,0,0,0,0,0,0,0,0,0,0,0,0,0,0,0,0,0,0,0,0,0,0,0,0,0,0,0,54,727,0,0,0,0,0,0,0,0,0,0,0,0,0,0
unity,0,0,0,56,842,1,0,0,0,56,842,1,0,0,0,0,0,0,0,0,0,0,0,0,0,0,0,0,0,0,0,0,0,0,0,0,56,842,0,0,0,0,0,0,0,0,0,0,0,0,0,0,0,0,0,0,0,0,0,0,0,0,0,0,0,0,0,0,0,0,0,0,0,0
vance,0,0,0,0,0,0,17,220,1,17,220,1,0,0,0,0,0,0,0,0,0,0,0,0,0,0,0,0,0,0,0,0,0,0,0,0,0,0,0,0,0,0,0,0,0,0,0,0,0,0,0,0,0,0,0,0,0,0,0,0,0,0,0,0,0,0,0,0,0,0,0,0,17,220
vet,0,0,0,9,88,1,0,0,0,9,88,1,0,0,0,0,0,0,0,0,0,0,0,0,0,0,0,0,0,0,0,0,0,0,9,88,0,0,0,0,0,0,0,0,0,0,0,0,0,0,0,0,0,0,0,0,0,0,0,0,0,0,0,0,0,0,0,0,0,0,0,0,0,0
woman,4,25,3,1,1,1,2,63,2,7,89,6,0,0,0,0,0,0,2,4,1,8,0,0,0,0,0,0,0,0,1,13,0,0,0,0,0,0,0,0,0,0,0,0,1,1,0,0,0,0,0,0,0,0,1,52,0,0,0,0,0,0,0,0,0,0,0,0,0,0,1,11,0,0
young rick,0,0,0,0,0,0,9,89,1,9,89,1,0,0,0,0,0,0,0,0,0,0,0,0,0,0,0,0,0,0,0,0,0,0,0,0,0,0,0,0,0,0,0,0,0,0,0,0,0,0,0,0,0,0,0,0,0,0,0,0,0,0,0,0,0,0,0,0,9,89,0,0,0,0
zeep,0,0,0,41,456,1,0,0,0,41,456,1,0,0,0,0,0,0,0,0,0,0,0,0,0,0,0,0,0,0,0,0,0,0,0,0,0,0,0,0,0,0,0,0,0,0,0,0,41,456,0,0,0,0,0,0,0,0,0,0,0,0,0,0,0,0,0,0,0,0,0,0,0,0
